Workbook

Sheet Cover
A1: AWS Security Controls Tracker
A2: CIS AWS Foundations Benchmark v3 + FSBP + customer compliance frameworks
A4: Customer: | B4: {{CUSTOMER_NAME}}
A5: Partner: | B5: {{PARTNER_NAME}}
A6: Frameworks: | B6: {{COMPLIANCE_FRAMEWORKS}}
A7: Date: | B7: {{DOC_DATE}}
A9: How to use this workbook
A10: 1. 'CIS v3 Controls' lists every control with implementation responsibility, status, evidence and notes.
A11: 2. 'Summary' aggregates status counts and gives a compliance posture view.
A12: 3. Status options: Compliant, Partial, Non-Compliant, Not Applicable, In Progress.
A13: 4. Responsibility options: Customer, Partner, Shared, AWS.
A14: 5. Update 'Status' as controls are validated; the Summary recalculates automatically.
A15: 6. Add additional sheets for other frameworks (NIST CSF 2.0, ISO 27001, PCI DSS 4.0).

Sheet CIS v3 Controls
A1: CIS AWS Foundations Benchmark v3 — Control Status Tracker
A2: One row per control. Update Status, Evidence and Owner per delivery.
A4: Control # | B4: Title | C4: Level | D4: Section | E4: Responsibility | F4: Status | G4: Evidence / Source | H4: Notes
A5: 1.1 | B5: Maintain current contact details | C5: 1 | D5: Identity & Access Management | E5: Shared | F5: In Progress
A6: 1.2 | B6: Ensure security contact information is registered | C6: 1 | D6: Identity & Access Management | E6: Shared | F6: In Progress
A7: 1.3 | B7: Ensure security questions are registered in the AWS account | C7: 1 | D7: Identity & Access Management | E7: Shared | F7: In Progress
A8: 1.4 | B8: Ensure no 'root' user account access key exists | C8: 1 | D8: Identity & Access Management | E8: Shared | F8: In Progress
A9: 1.5 | B9: Ensure MFA is enabled for the 'root' user account | C9: 1 | D9: Identity & Access Management | E9: Shared | F9: In Progress
A10: 1.6 | B10: Ensure hardware MFA is enabled for the 'root' user account | C10: 2 | D10: Identity & Access Management | E10: Shared | F10: In Progress
A11: 1.7 | B11: Eliminate use of the 'root' user for administrative and daily tasks | C11: 1 | D11: Identity & Access Management | E11: Shared | F11: In Progress
A12: 1.8 | B12: Ensure IAM password policy requires minimum length of 14 or greater | C12: 1 | D12: Identity & Access Management | E12: Shared | F12: In Progress
A13: 1.9 | B13: Ensure IAM password policy prevents password reuse | C13: 1 | D13: Identity & Access Management | E13: Shared | F13: In Progress
A14: 1.10 | B14: Ensure MFA is enabled for all IAM users with a console password | C14: 1 | D14: Identity & Access Management | E14: Shared | F14: In Progress
A15: 1.11 | B15: Do not create access keys during initial setup for IAM users with a console password | C15: 1 | D15: Identity & Access Management | E15: Shared | F15: In Progress
A16: 1.12 | B16: Ensure credentials unused for 45 days or greater are disabled | C16: 1 | D16: Identity & Access Management | E16: Shared | F16: In Progress
... A69: 5.6 | B69: Ensure that EC2 Metadata Service v2 (IMDSv2) is enabled and required | C69: 1 | D69: Networking | E69: Shared | F69: In Progress

Sheet Summary
A1: Summary
A2: Auto-aggregated status counts across all controls.
A4: Status | B4: Count | C4: % of Total
A5: Compliant | B5: =COUNTIF('CIS v3 Controls'!F5:F69,"Compliant") -> 0 | C5: =IFERROR(B5/SUM($B$5:$B$9),0) -> 0
A6: Partial | B6: =COUNTIF('CIS v3 Controls'!F5:F69,"Partial") -> 0 | C6: =IFERROR(B6/SUM($B$5:$B$9),0) -> 0
A7: Non-Compliant | B7: =COUNTIF('CIS v3 Controls'!F5:F69,"Non-Compliant") -> 0 | C7: =IFERROR(B7/SUM($B$5:$B$9),0) -> 0
A8: Not Applicable | B8: =COUNTIF('CIS v3 Controls'!F5:F69,"Not Applicable") -> 0 | C8: =IFERROR(B8/SUM($B$5:$B$9),0) -> 0
A9: In Progress | B9: =COUNTIF('CIS v3 Controls'!F5:F69,"In Progress") -> 65 | C9: =IFERROR(B9/SUM($B$5:$B$9),0) -> 1
A10: Total | B10: =SUM(B5:B9) -> 65 | C10: =SUM(C5:C9) -> 1
A12: Section Breakdown
A13: Section | B13: Compliant | C13: Partial | D13: Non-Compliant | E13: Not Applicable | F13: In Progress | G13: Total
A14: Identity & Access Management | B14: =COUNTIFS('CIS v3 Controls'!D5:D69,"Identity & Access Management",'CIS v3 Controls'!F5:F69,"Compliant") -> 0 | C14: =COUNTIFS('CIS v3 Controls'!D5:D69,"Identity & Access Management",'CIS v3 Controls'!F5:F69,"Partial") -> 0 | D14: =COUNTIFS('CIS v3 Controls'!D5:D69,"Identity & Access Management",'CIS v3 Controls'!F5:F69,"Non-Compliant") -> 0 | E14: =COUNTIFS('CIS v3 Controls'!D5:D69,"Identity & Access Management",'CIS v3 Controls'!F5:F69,"Not Applicable") -> 0 | F14: =COUNTIFS('CIS v3 Controls'!D5:D69,"Identity & Access Management",'CIS v3 Controls'!F5:F69,"In Progress") -> 22 | G14: =SUM(B14:F14) -> 22
A15: Storage | B15: =COUNTIFS('CIS v3 Controls'!D5:D69,"Storage",'CIS v3 Controls'!F5:F69,"Compliant") -> 0 | C15: =COUNTIFS('CIS v3 Controls'!D5:D69,"Storage",'CIS v3 Controls'!F5:F69,"Partial") -> 0 | D15: =COUNTIFS('CIS v3 Controls'!D5:D69,"Storage",'CIS v3 Controls'!F5:F69,"Non-Compliant") -> 0 | E15: =COUNTIFS('CIS v3 Controls'!D5:D69,"Storage",'CIS v3 Controls'!F5:F69,"Not Applicable") -> 0 | F15: =COUNTIFS('CIS v3 Controls'!D5:D69,"Storage",'CIS v3 Controls'!F5:F69,"In Progress") -> 10 | G15: =SUM(B15:F15) -> 10
A16: Logging | B16: =COUNTIFS('CIS v3 Controls'!D5:D69,"Logging",'CIS v3 Controls'!F5:F69,"Compliant") -> 0 | C16: =COUNTIFS('CIS v3 Controls'!D5:D69,"Logging",'CIS v3 Controls'!F5:F69,"Partial") -> 0 | D16: =COUNTIFS('CIS v3 Controls'!D5:D69,"Logging",'CIS v3 Controls'!F5:F69,"Non-Compliant") -> 0 | E16: =COUNTIFS('CIS v3 Controls'!D5:D69,"Logging",'CIS v3 Controls'!F5:F69,"Not Applicable") -> 0 | F16: =COUNTIFS('CIS v3 Controls'!D5:D69,"Logging",'CIS v3 Controls'!F5:F69,"In Progress") -> 11 | G16: =SUM(B16:F16) -> 11
A17: Monitoring | B17: =COUNTIFS('CIS v3 Controls'!D5:D69,"Monitoring",'CIS v3 Controls'!F5:F69,"Compliant") -> 0 | C17: =COUNTIFS('CIS v3 Controls'!D5:D69,"Monitoring",'CIS v3 Controls'!F5:F69,"Partial") -> 0 | D17: =COUNTIFS('CIS v3 Controls'!D5:D69,"Monitoring",'CIS v3 Controls'!F5:F69,"Non-Compliant") -> 0 | E17: =COUNTIFS('CIS v3 Controls'!D5:D69,"Monitoring",'CIS v3 Controls'!F5:F69,"Not Applicable") -> 0 | F17: =COUNTIFS('CIS v3 Controls'!D5:D69,"Monitoring",'CIS v3 Controls'!F5:F69,"In Progress") -> 16 | G17: =SUM(B17:F17) -> 16
A18: Networking | B18: =COUNTIFS('CIS v3 Controls'!D5:D69,"Networking",'CIS v3 Controls'!F5:F69,"Compliant") -> 0 | C18: =COUNTIFS('CIS v3 Controls'!D5:D69,"Networking",'CIS v3 Controls'!F5:F69,"Partial") -> 0 | D18: =COUNTIFS('CIS v3 Controls'!D5:D69,"Networking",'CIS v3 Controls'!F5:F69,"Non-Compliant") -> 0 | E18: =COUNTIFS('CIS v3 Controls'!D5:D69,"Networking",'CIS v3 Controls'!F5:F69,"Not Applicable") -> 0 | F18: =COUNTIFS('CIS v3 Controls'!D5:D69,"Networking",'CIS v3 Controls'!F5:F69,"In Progress") -> 6 | G18: =SUM(B18:F18) -> 6
